Uid	Term	Term_Score
0	all	100
0	best android	45.0793
0	android box	43.46378
1	all	100
1	best android	45.0793
1	android tv	42.96536
2	all	100
2	apps	31.21547
3	all	100
3	easy to setup	58.03367
3	android phone	65.66054
4	all	100
4	android box	43.46378
5	all	100
5	best android	45.0793
5	android box	43.46378
6	all	100
6	nvidia	40.76477
7	all	100
7	android box	43.46378
8	all	100
8	smart	15.13237
9	all	100
10	all	100
10	streaming	32.39369
10	android	35.81115
11	all	100
11	best android	45.0793
11	android box	43.46378
12	all	100
12	streaming device	40.73249
13	all	100
13	android tv	42.96536
14	all	100
14	best android	45.0793
14	android box	43.46378
15	all	100
15	best android	45.0793
15	android box	43.46378
16	all	100
16	best android	45.0793
16	android box	43.46378
17	all	100
17	play store	60.52608
17	apps	31.21547
18	all	100
18	android box	43.46378
19	all	100
19	kodi	43.55359
20	all	100
20	best android	45.0793
20	android box	43.46378
21	all	100
21	android box	43.46378
21	boxes	32.40374
22	all	100
22	interface	14.74239
23	all	100
23	android box	43.46378
24	all	100
24	android boxes	45.36487
25	all	100
25	android tv device	74.45565
25	best android tv	86.67957
26	all	100
26	android box	43.46378
26	shield	36.59625
26	nvidia	40.76477
27	all	100
27	voice	17.89064
28	all	100
28	best android	45.0793
28	android tv	42.96536
29	all	100
29	streaming	32.39369
30	all	100
30	android box	43.46378
30	streaming	32.39369
30	nvidia	40.76477
30	kodi	43.55359
31	all	100
31	assistant	34.81524
32	all	100
32	android	35.81115
33	all	100
33	android tv	42.96536
34	all	100
34	best android	45.0793
34	android tv	42.96536
35	all	100
35	best android	45.0793
35	android tv	42.96536
36	all	100
36	nvidia	40.76477
37	all	100
37	best android	45.0793
38	all	100
38	easy to setup	58.03367
38	android phone	65.66054
39	all	100
39	best android	45.0793
39	android box	43.46378
40	all	100
40	best android	45.0793
40	android tv	42.96536
41	all	100
41	best android	45.0793
41	android box	43.46378
41	games	31.7364
42	all	100
42	snappy	21.14985
43	all	100
43	kodi	43.55359
44	all	100
44	google play	53.70535
45	all	100
45	easy to install	71.0974
45	kodi	43.55359
46	all	100
46	kodi	43.55359
47	all	100
47	best android	45.0793
48	all	100
48	streaming device	40.73249
48	android boxes	47.32212
49	all	100
50	all	100
50	streaming device	40.73249
50	media	21.99581
51	all	100
51	android tv	42.96536
51	shield	36.59625
51	nvidia	40.76477
51	boxes	32.40374
52	all	100
52	android box	43.46378
53	all	100
53	nvidia	40.76477
54	all	100
54	android tv	42.96536
55	all	100
55	kodi	43.55359
56	all	100
56	assistant	34.81524
56	google	28.64112
57	all	100
57	android box	43.46378
58	all	100
58	best android	45.0793
58	streaming	32.39369
59	all	100
59	android box	43.46378
60	all	100
60	canada	34.42183
61	all	100
61	android	35.81115
61	stream	27.31586
61	gaming	27.7613
61	games	31.7364
62	all	100
62	best android	45.0793
62	android tv	42.96536
63	all	100
63	apps	31.21547
64	all	100
64	kodi	43.55359
65	all	100
65	best android	45.0793
65	android box	43.46378
66	all	100
66	streaming device	40.73249
67	all	100
67	android	35.81115
67	games	31.7364
68	all	100
68	streaming	32.39369
69	all	100
70	all	100
70	android	35.81115
71	all	100
71	android box	43.46378
72	all	100
72	android box	43.46378
72	shield	36.59625
73	all	100
73	plex	42.18784
73	kodi	43.55359
74	all	100
74	best android	45.0793
74	android tv	42.96536
75	all	100
76	all	100
76	best android	45.0793
76	android box	43.46378
77	all	100
77	android tv	42.96536
78	all	100
78	easy to set	62.3221
78	apps	31.21547
79	all	100
80	all	100
80	google play	53.70535
80	play store	60.52608
80	android	35.81115
80	games	31.7364
81	all	100
81	best android	45.0793
81	android box	43.46378
82	all	100
82	best android	45.0793
82	android box	43.46378
83	all	100
83	android tv	48.42155
83	streaming	32.39369
83	apps	31.21547
84	all	100
85	all	100
85	android box	43.46378
86	all	100
86	amazon prime	56.29357
86	prime video	46.29357
86	netflix	17.31951
86	plex	42.18784
87	all	100
87	plex	42.18784
87	kodi	43.55359
88	all	100
88	android boxes	45.36487
89	all	100
89	best android	45.0793
90	all	100
90	android boxes	45.36487
91	all	100
91	kodi	43.55359
92	all	100
92	best android	45.0793
92	android tv	48.42155
93	all	100
93	best android	45.0793
94	all	100
94	best android	45.0793
94	android tv	42.96536
95	all	100
95	best android	45.0793
95	streaming	32.39369
96	all	100
96	remote and controller	71.40759
96	assistant	34.81524
96	android	35.81115
97	all	100
97	best android	45.0793
97	android box	43.46378
98	all	100
98	best android	45.0793
98	android box	43.46378
99	all	100
99	best android	45.0793
99	android box	43.46378
100	all	100
100	kodi	43.55359
101	all	100
102	all	100
102	android boxes	45.36487
102	shield	36.59625
103	all	100
103	kodi	43.55359
104	all	100
104	best android	45.0793
104	android tv	42.96536
105	all	100
105	google play	53.70535
105	play store	60.52608
105	nvidia	40.76477
105	games	31.7364
106	all	100
107	all	100
107	best android	45.0793
107	android box	43.46378
108	all	100
108	best android	45.0793
108	android box	43.46378
109	all	100
109	best android	45.0793
109	android tv	42.96536
110	all	100
111	all	100
111	android boxes	45.36487
112	all	100
112	streaming device	40.73249
112	media	21.99581
113	all	100
113	android	35.81115
113	games	31.7364
114	all	100
114	media player	63.95177
114	streaming	32.39369
114	plex	42.18784
115	all	100
115	streaming	32.39369
116	all	100
116	android boxes	45.36487
117	all	100
117	kodi	43.55359
118	all	100
118	nvidia shield tv	106.1373
118	streaming	32.39369
119	all	100
119	streaming	32.39369
120	all	100
120	android boxes	45.36487
121	all	100
121	android phone	65.66054
121	setup	19.72914
121	easy	13.16196
122	all	100
122	streaming	32.39369
122	plex	42.18784
123	all	100
123	best android	45.0793
123	streaming	32.39369
124	all	100
124	kodi	43.55359
125	all	100
125	streaming	32.39369
126	all	100
126	android boxes	45.36487
127	all	100
127	apple tv	44.50319
128	all	100
129	all	100
129	android boxes	45.36487
130	all	100
131	all	100
131	android	35.81115
131	apps	31.21547
132	all	100
132	android tv device	74.45565
132	best android tv	86.67957
133	all	100
133	assistant	34.81524
134	all	100
134	stream	27.31586
134	games	31.7364
134	plex	42.18784
134	game	26.56835
134	apps	31.21547
135	all	100
135	google	28.64112
135	apps	31.21547
136	all	100
136	android	35.81115
137	all	100
137	plex	42.18784
138	all	100
138	android boxes	45.36487
139	all	100
139	android boxes	45.36487
140	all	100
140	shield	36.59625
141	all	100
141	android	35.81115
141	game	26.56835
142	all	100
142	shield	36.59625
143	all	100
143	easy to install	71.0974
143	super	14.47485
143	kodi	43.55359
144	all	100
144	apps	31.21547
145	all	100
145	shield	36.59625
145	nvidia	40.76477
145	kodi	43.55359
146	all	100
146	best android	45.0793
146	android box	43.46378
147	all	100
147	streaming	32.39369
148	all	100
148	kodi	43.55359
149	all	100
149	shield	36.59625
150	all	100
150	android	35.81115
151	all	100
151	best android	45.0793
151	android box	43.46378
152	all	100
152	best android	45.0793
152	android tv	42.96536
153	all	100
154	all	100
154	kodi	43.55359
155	all	100
155	android boxes	45.36487
156	all	100
156	kodi	43.55359
157	all	100
157	android tv device	74.45565
157	best android tv	86.67957
158	all	100
158	android boxes	45.36487
159	all	100
159	sideload	38.56382
160	all	100
160	android boxes	47.32212
160	tv	18.48458
161	all	100
161	plex	42.18784
161	kodi	43.55359
162	all	100
162	plex	42.18784
163	all	100
163	apps	31.21547
164	all	100
164	shield	36.59625
164	nvidia	40.76477
165	all	100
165	streaming	32.39369
165	kodi	43.55359
166	all	100
166	plex	42.18784
167	all	100
167	kodi	43.55359
168	all	100
168	android box	43.46378
169	all	100
169	best android	45.0793
169	android box	43.46378
170	all	100
170	best android	45.0793
170	android box	43.46378
170	streaming	32.39369
171	all	100
171	android tv	42.96536
172	all	100
172	kodi	43.55359
172	apps	31.21547
173	all	100
173	assistant	34.81524
174	all	100
174	apple tv	44.50319
175	all	100
175	streaming	32.39369
176	all	100
176	android box	43.46378
177	all	100
177	apps	31.21547
178	all	100
178	android box	43.46378
179	all	100
179	android tv	42.96536
179	assistant	34.81524
179	4k	32.43502
180	all	100
180	android	35.81115
180	gaming	27.7613
181	all	100
181	android box	43.46378
181	shield	36.59625
181	nvidia	40.76477
182	all	100
182	android boxes	45.36487
182	shield	36.59625
182	nvidia	40.76477
183	all	100
183	streaming device	40.73249
184	all	100
184	android	35.81115
184	shield	36.59625
185	all	100
185	android phone	52.46785
185	keyboard	18.57645
186	all	100
186	apps	31.21547
187	all	100
187	android	35.81115
187	shield	36.59625
188	all	100
188	streaming devices	50.73249
188	android	35.81115
189	all	100
190	all	100
190	google	28.64112
191	all	100
191	apps	31.21547
192	all	100
193	all	100
193	android boxes	47.32212
194	all	100
194	streaming	32.39369
195	all	100
195	streaming	32.39369
196	all	100
196	google play	53.70535
196	android tv	48.42155
196	streaming	32.39369
196	apps	31.21547
197	all	100
197	assistant	34.81524
197	google	28.64112
197	kodi	43.55359
198	all	100
198	media	21.99581
198	boxes	32.40374
199	all	100
199	plex	42.18784
199	kodi	43.55359
200	all	100
200	nvidia	40.76477
201	all	100
201	android	35.81115
201	games	31.7364
202	all	100
202	kodi	43.55359
203	all	100
203	kodi	43.55359
204	all	100
204	android tv	42.96536
204	boxes	32.40374
205	all	100
205	microphone	13.42056
205	assistant	34.81524
205	also	5.641912
206	all	100
206	android tv	42.96536
207	all	100
207	android boxes	45.36487
208	all	100
208	android tv	42.96536
208	boxes	32.40374
209	all	100
210	all	100
210	android tv	42.96536
210	assistant	34.81524
210	boxes	32.40374
211	all	100
211	android box	43.46378
212	all	100
212	nvidia	40.76477
212	canada	34.42183
213	all	100
213	canada	34.42183
214	all	100
214	android boxes	45.36487
214	best android	45.0793
215	all	100
215	kodi	43.55359
216	all	100
216	android boxes	45.36487
217	all	100
217	kodi	43.55359
218	all	100
218	shield	36.59625
219	all	100
219	shield	36.59625
219	nvidia	40.76477
219	google	28.64112
220	all	100
220	shield	36.59625
220	plex	42.18784
221	all	100
221	plex	42.18784
221	apps	31.21547
222	all	100
223	all	100
224	all	100
224	configuration	14.29647
224	android	35.81115
224	device	17.80915
224	easy	15.05709
225	all	100
225	streaming	32.39369
226	all	100
226	device	17.80915
226	tv	18.48458
227	all	100
227	android tv	42.96536
228	all	100
228	apps	31.21547
229	all	100
230	all	100
230	media	21.99581
230	plex	42.18784
231	all	100
231	android tv	42.96536
231	boxes	32.40374
232	all	100
232	android box	43.46378
233	all	100
233	best android	45.0793
234	all	100
234	streaming	32.39369
235	all	100
235	android boxes	45.36487
236	all	100
236	controller	26.62076
236	remote	28.54707
236	nvidia	40.76477
237	all	100
237	android	35.81115
237	games	31.7364
238	all	100
238	kodi	43.55359
239	all	100
239	android	35.81115
239	apps	31.21547
240	all	100
240	shield	36.59625
240	nvidia	40.76477
240	boxes	32.40374
241	all	100
241	plex	42.18784
242	all	100
242	plex	42.18784
243	all	100
243	apps	31.21547
244	all	100
244	assistant	34.81524
244	google	28.64112
245	all	100
245	canada	34.42183
246	all	100
246	android	35.81115
246	boxes	32.40374
247	all	100
247	apps	31.21547
248	all	100
248	streaming	32.39369
249	all	100
249	android boxes	45.36487
249	google	28.64112
250	all	100
250	android tv	42.96536
251	all	100
251	streaming	32.39369
251	android	35.81115
252	all	100
252	android tv	48.42155
252	apps	31.21547
253	all	100
253	android tv	48.42155
253	apps	31.21547
254	all	100
254	apps	31.21547
255	all	100
255	google play	53.70535
255	play store	60.52608
255	android tv	48.42155
255	apps	31.21547
256	all	100
256	android	35.81115
256	games	31.7364
256	apps	31.21547
257	all	100
257	apps	31.21547
258	all	100
258	apps	31.21547
259	all	100
259	kodi	43.55359
260	all	100
260	apps	31.21547
261	all	100
261	best android	45.0793
261	streaming	32.39369
261	nvidia	40.76477
262	all	100
262	android box	43.46378
262	kodi	43.55359
263	all	100
263	kodi	43.55359
264	all	100
264	android	35.81115
265	all	100
265	android boxes	45.36487
265	android box	43.46378
266	all	100
267	all	100
267	kodi	43.55359
268	all	100
268	best android	45.0793
268	streaming	32.39369
269	all	100
269	android tv	42.96536
270	all	100
270	android boxes	45.36487
271	all	100
271	streaming	32.39369
271	nvidia	40.76477
271	4k	32.43502
272	all	100
272	google play	53.70535
273	all	100
273	android box	43.46378
273	shield	36.59625
273	apps	31.21547
274	all	100
274	apps	31.21547
275	all	100
275	plex	42.18784
276	all	100
277	all	100
277	google	28.64112
277	apps	31.21547
278	all	100
278	apps	31.21547
279	all	100
279	android box	43.46378
280	all	100
280	plex	42.18784
280	kodi	43.55359
281	all	100
281	android	35.81115
281	apps	31.21547
282	all	100
282	streaming device	40.73249
282	media player	63.95177
283	all	100
283	android	35.81115
283	plex	42.18784
284	all	100
284	android	35.81115
284	plex	42.18784
285	all	100
285	streaming	32.39369
285	canada	34.42183
286	all	100
286	shield	36.59625
286	plex	42.18784
287	all	100
287	display	9.251071
287	back	7.633883
288	all	100
288	android	35.81115
289	all	100
289	apps	31.21547
290	all	100
290	android	35.81115
291	all	100
291	android box	43.46378
292	all	100
292	android box	43.46378
293	all	100
293	streaming	32.39369
293	apps	31.21547
294	all	100
294	plex	42.18784
295	all	100
295	shield	36.59625
295	nvidia	40.76477
296	all	100
296	chromecast	17.73504
297	all	100
297	streaming	32.39369
298	all	100
298	streaming	32.39369
298	geforce	29.801
298	android	35.81115
298	games	31.7364
299	all	100
299	android	35.81115
300	all	100
300	android	35.81115
301	all	100
301	android box	43.46378
302	all	100
302	google	28.64112
302	boxes	32.40374
303	all	100
303	sideload	38.56382
303	apps	31.21547
304	all	100
305	all	100
305	sideload	38.56382
305	android	35.81115
306	all	100
306	shield	36.59625
306	nvidia	40.76477
307	all	100
307	streaming	32.39369
307	kodi	43.55359
307	apps	31.21547
308	all	100
308	android	35.81115
309	all	100
309	sideload	38.56382
309	apps	31.21547
310	all	100
310	android tv	48.42155
310	sideload	38.56382
310	apps	31.21547
311	all	100
311	shield	36.59625
311	google	28.64112
312	all	100
313	all	100
313	kodi	43.55359
314	all	100
314	apps	31.21547
315	all	100
316	all	100
316	kodi	43.55359
317	all	100
317	play store	60.52608
317	android tv	48.42155
317	google	28.64112
318	all	100
318	apps	31.21547
319	all	100
319	kodi	43.55359
320	all	100
320	canada	34.42183
321	all	100
321	android boxes	45.36487
322	all	100
322	kodi	43.55359
322	apps	31.21547
323	all	100
323	assistant	34.81524
323	keyboard	18.57645
323	google	28.64112
324	all	100
324	android tv	42.96536
325	all	100
325	android boxes	45.36487
325	assistant	34.81524
325	shield	36.59625
325	nvidia	40.76477
325	google	28.64112
326	all	100
326	android box	43.46378
327	all	100
327	kodi	43.55359
328	all	100
328	kodi	43.55359
329	all	100
330	all	100
330	android boxes	45.36487
330	shield	36.59625
331	all	100
331	android boxes	45.36487
331	android tv	42.96536
332	all	100
332	android boxes	45.36487
333	all	100
333	android box	43.46378
334	all	100
334	kodi	43.55359
334	apps	31.21547
335	all	100
335	apps	31.21547
336	all	100
336	android box	43.46378
336	kodi	43.55359
337	all	100
337	streaming	32.39369
337	boxes	32.40374
337	kodi	43.55359
338	all	100
338	kodi	43.55359
339	all	100
339	android	35.81115
340	all	100
340	android	35.81115
341	all	100
341	android tv	42.96536
341	boxes	32.40374
342	all	100
342	apps	31.21547
343	all	100
343	android	35.81115
344	all	100
345	all	100
346	all	100
346	streaming	32.39369
346	canada	34.42183
346	apps	31.21547
347	all	100
347	android box	43.46378
348	all	100
348	android boxes	45.36487
348	play store	60.52608
348	apps	31.21547
349	all	100
349	google play	53.70535
349	play store	60.52608
350	all	100
350	nvidia	40.76477
350	google	28.64112
350	kodi	43.55359
350	apps	31.21547
351	all	100
351	plex	42.18784
352	all	100
352	google play	53.70535
353	all	100
353	android tv	42.96536
354	all	100
355	all	100
356	all	100
356	kodi	43.55359
357	all	100
357	home screen	47.36966
357	nvidia	40.76477
358	all	100
358	shield	36.59625
359	all	100
359	apps	31.21547
360	all	100
360	keyboard	18.57645
360	nvidia	40.76477
360	app	9.825978
361	all	100
361	android	35.81115
362	all	100
363	all	100
363	android tv	42.96536
364	all	100
364	apps	31.21547
365	all	100
365	android box	43.46378
366	all	100
366	android	35.81115
366	nvidia	40.76477
367	all	100
367	kodi	43.55359
367	fast	18.65117
368	all	100
368	android	35.81115
369	all	100
370	all	100
370	android tv	42.96536
371	all	100
371	apps	31.21547
372	all	100
372	google play	53.70535
372	android tv	48.42155
372	shield	36.59625
372	boxes	32.40374
372	apps	31.21547
373	all	100
373	kodi	43.55359
374	all	100
374	android	35.81115
374	apps	31.21547
375	all	100
375	android box	43.46378
376	all	100
376	plex	42.18784
377	all	100
377	nvidia	40.76477
378	all	100
378	android	35.81115
379	all	100
379	google play	53.70535
379	play store	60.52608
380	all	100
380	shield	36.59625
381	all	100
381	android tv	48.42155
381	apps	31.21547
382	all	100
383	all	100
384	all	100
384	kodi	43.55359
385	all	100
385	android	35.81115
386	all	100
387	all	100
388	all	100
388	kodi	43.55359
389	all	100
389	kodi	43.55359
390	all	100
391	all	100
391	canada	34.42183
392	all	100
392	support	13.19773
392	canada	34.42183
393	all	100
393	kodi	43.55359
394	all	100
395	all	100
395	android tv	42.96536
396	all	100
397	all	100
398	all	100
398	apps	31.21547
399	all	100
399	play store	60.52608
399	apps	31.21547
400	all	100
400	android	35.81115
401	all	100
401	android tv	48.42155
401	apps	31.21547
402	all	100
402	nvidia	40.76477
403	all	100
403	device	17.80915
404	all	100
404	sideload	38.56382
404	apps	31.21547
405	all	100
405	kodi	43.55359
406	all	100
406	apps	31.21547
407	all	100
408	all	100
408	nvidia	40.76477
409	all	100
409	apps	31.21547
410	all	100
411	all	100
411	assistant	34.81524
411	google	28.64112
412	all	100
412	apps	31.21547
413	all	100
413	kodi	43.55359
414	all	100
414	android	35.81115
414	apps	31.21547
415	all	100
415	nvidia	40.76477
416	all	100
416	nvidia	40.76477
417	all	100
417	android tv	42.96536
418	all	100
418	android tv	42.96536
418	plex	42.18784
418	kodi	43.55359
419	all	100
419	google play	53.70535
419	control	19.40601
419	remote	28.54707
419	apps	31.21547
420	all	100
420	plex	42.18784
421	all	100
422	all	100
422	apps	31.21547
423	all	100
423	shield	36.59625
423	apps	31.21547
424	all	100
424	shield	36.59625
424	plex	42.18784
425	all	100
425	nvidia	40.76477
425	google	28.64112
425	apps	31.21547
426	all	100
426	apps	31.21547
427	all	100
427	google play	53.70535
427	apps	31.21547
428	all	100
429	all	100
429	plex	42.18784
430	all	100
430	sideload	38.56382
430	google	28.64112
431	all	100
432	all	100
433	all	100
433	shield	36.59625
434	all	100
435	all	100
435	plex	42.18784
436	all	100
436	nvidia	40.76477
437	all	100
437	port	13.75571
437	kodi	43.55359
438	all	100
438	plex	42.18784
439	all	100
439	shield	36.59625
439	plex	42.18784
440	all	100
440	user	18.41505
441	all	100
441	nvidia	40.76477
442	all	100
442	streaming	32.39369
442	shield	36.59625
442	nvidia	40.76477
443	all	100
443	android tv	42.96536
443	canada	34.42183
443	4k	32.43502
444	all	100
445	all	100
445	plex	42.18784
446	all	100
446	nvidia	40.76477
447	all	100
447	errors	12.52723
448	all	100
448	nvidia	40.76477
449	all	100
449	apps	31.21547
450	all	100
450	streaming	32.39369
451	all	100
451	plex	42.18784
452	all	100
453	all	100
454	all	100
454	chromecast	17.73504
455	all	100
456	all	100
456	plex	42.18784
457	all	100
457	gamestream	28.78266
457	game	26.56835
458	all	100
458	kodi	43.55359
459	all	100
459	network	13.73266
459	shield	36.59625
460	all	100
461	all	100
461	apps	31.21547
462	all	100
463	all	100
463	play store	60.52608
463	apps	31.21547
464	all	100
464	kodi	43.55359
465	all	100
466	all	100
466	best android	45.0793
466	android box	43.46378
466	games	31.7364
467	all	100
467	google play	53.70535
468	all	100
468	powerful	18.58845
468	smooth	17.09252
468	apps	31.21547
469	all	100
469	assistant	34.81524
469	google	28.64112
470	all	100
470	android	35.81115
470	stream	27.31586
470	gaming	27.7613
470	games	31.7364
471	all	100
471	apps	31.21547
472	all	100
472	android	35.81115
472	games	31.7364
473	all	100
474	all	100
474	easy to set	62.3221
474	apps	31.21547
475	all	100
475	google play	53.70535
475	play store	60.52608
475	android	35.81115
475	games	31.7364
476	all	100
476	android tv	48.42155
476	streaming	32.39369
476	apps	31.21547
477	all	100
477	plex	42.18784
477	kodi	43.55359
478	all	100
478	best android	45.0793
478	android tv	48.42155
479	all	100
479	kodi	43.55359
480	all	100
480	google play	53.70535
480	play store	60.52608
480	nvidia	40.76477
480	games	31.7364
481	all	100
482	all	100
482	streaming device	40.73249
482	media	21.99581
483	all	100
483	android	35.81115
483	games	31.7364
484	all	100
484	media player	63.95177
484	streaming	32.39369
484	plex	42.18784
485	all	100
485	nvidia shield tv	106.1373
485	streaming	32.39369
486	all	100
486	google	28.64112
487	all	100
488	all	100
488	android	35.81115
488	apps	31.21547
489	all	100
489	android	27.88519
489	stream	27.31586
489	nvidia	35.66807
489	games	31.7364
490	all	100
490	stream	27.31586
490	games	31.7364
490	plex	42.18784
490	game	26.56835
490	apps	31.21547
491	all	100
491	google	28.64112
491	apps	31.21547
492	all	100
492	android	35.81115
492	game	26.56835
493	all	100
493	apps	31.21547
494	all	100
494	kodi	43.55359
495	all	100
495	shield	36.59625
496	all	100
496	sideload	38.56382
497	all	100
497	plex	42.18784
498	all	100
498	apps	31.21547
499	all	100
499	plex	42.18784
500	all	100
500	kodi	43.55359
501	all	100
501	kodi	43.55359
501	apps	31.21547
502	all	100
502	apps	31.21547
503	all	100
503	apps	31.21547
504	all	100
505	all	100
505	google	28.64112
506	all	100
506	apps	31.21547
507	all	100
507	streaming	32.39369
508	all	100
508	google play	53.70535
508	android tv	48.42155
508	streaming	32.39369
508	apps	31.21547
509	all	100
509	assistant	34.81524
509	google	28.64112
509	kodi	43.55359
510	all	100
510	android	35.81115
510	games	31.7364
511	all	100
511	canada	34.42183
512	all	100
512	plex	34.13387
513	all	100
513	shield	36.59625
513	nvidia	40.76477
513	google	28.64112
514	all	100
514	plex	42.18784
514	apps	31.21547
515	all	100
515	streaming	27.29296
515	videos	14.39745
515	games	31.7364
516	all	100
516	apps	31.21547
517	all	100
517	streaming	32.39369
518	all	100
518	android	35.81115
518	games	31.7364
519	all	100
519	android	35.81115
519	apps	31.21547
520	all	100
520	apps	31.21547
521	all	100
521	assistant	34.81524
521	google	28.64112
522	all	100
522	canada	34.42183
523	all	100
523	apps	31.21547
524	all	100
524	android boxes	45.36487
524	google	28.64112
525	all	100
526	all	100
526	android tv	48.42155
526	apps	31.21547
527	all	100
527	android tv	48.42155
527	apps	31.21547
528	all	100
528	apps	31.21547
529	all	100
529	google play	53.70535
529	play store	60.52608
529	android tv	48.42155
529	apps	31.21547
530	all	100
531	all	100
531	android	35.81115
531	games	31.7364
531	apps	31.21547
532	all	100
532	apps	31.21547
533	all	100
533	apps	31.21547
534	all	100
534	kodi	43.55359
535	all	100
535	apps	31.21547
536	all	100
536	android box	43.46378
536	kodi	43.55359
537	all	100
537	android	35.81115
538	all	100
539	all	100
539	kodi	43.55359
540	all	100
540	google play	53.70535
541	all	100
541	android box	43.46378
541	shield	36.59625
541	apps	31.21547
542	all	100
542	apps	31.21547
543	all	100
543	google	28.64112
543	apps	31.21547
544	all	100
544	apps	31.21547
545	all	100
545	plex	42.18784
545	kodi	43.55359
546	all	100
546	android	35.81115
546	apps	31.21547
547	all	100
547	streaming device	40.73249
547	media player	63.95177
548	all	100
548	android	35.81115
548	plex	42.18784
549	all	100
549	android	35.81115
549	plex	42.18784
550	all	100
550	streaming	32.39369
550	canada	34.42183
551	all	100
551	shield	36.59625
551	plex	42.18784
552	all	100
552	display	9.251071
552	back	7.633883
553	all	100
553	apps	31.21547
554	all	100
554	play store	60.52608
554	games	31.7364
555	all	100
555	streaming	32.39369
555	apps	31.21547
556	all	100
556	streaming	32.39369
556	geforce	29.801
556	android	35.81115
556	games	31.7364
557	all	100
557	play store	60.52608
558	all	100
558	google	28.64112
558	boxes	32.40374
559	all	100
559	sideload	38.56382
559	apps	31.21547
560	all	100
561	all	100
561	sideload	38.56382
561	android	35.81115
562	all	100
562	gamestream	28.78266
562	geforce	29.801
562	android	27.88519
562	games	31.7364
563	all	100
563	streaming	32.39369
563	kodi	43.55359
563	apps	31.21547
564	all	100
564	sideload	38.56382
564	apps	31.21547
565	all	100
565	android tv	48.42155
565	sideload	38.56382
565	apps	31.21547
566	all	100
566	shield	36.59625
566	google	28.64112
567	all	100
567	kodi	43.55359
568	all	100
568	apps	31.21547
569	all	100
569	kodi	43.55359
570	all	100
570	apps	31.21547
571	all	100
571	play store	60.52608
571	android tv	48.42155
571	google	28.64112
572	all	100
572	apps	31.21547
573	all	100
573	canada	34.42183
574	all	100
574	kodi	43.55359
574	apps	31.21547
575	all	100
575	assistant	34.81524
575	keyboard	18.57645
575	google	28.64112
576	all	100
576	android boxes	45.36487
576	assistant	34.81524
576	shield	36.59625
576	nvidia	40.76477
576	google	28.64112
577	all	100
577	kodi	43.55359
578	all	100
578	kodi	43.55359
578	apps	31.21547
579	all	100
579	apps	31.21547
580	all	100
580	kodi	43.55359
581	all	100
581	apps	31.21547
582	all	100
583	all	100
583	streaming	32.39369
583	canada	34.42183
583	apps	31.21547
584	all	100
584	android boxes	45.36487
584	play store	60.52608
584	apps	31.21547
585	all	100
585	google play	53.70535
585	play store	60.52608
586	all	100
586	nvidia	40.76477
586	google	28.64112
586	kodi	43.55359
586	apps	31.21547
587	all	100
587	google play	53.70535
588	all	100
589	all	100
590	all	100
590	kodi	43.55359
591	all	100
591	apps	31.21547
592	all	100
592	keyboard	18.57645
592	nvidia	40.76477
592	app	9.825978
593	all	100
594	all	100
594	apps	31.21547
595	all	100
595	android	35.81115
595	nvidia	40.76477
596	all	100
596	android	35.81115
597	all	100
597	controller	28.56096
597	gaming	27.7613
597	apps	31.21547
598	all	100
599	all	100
599	apps	31.21547
600	all	100
600	google play	53.70535
600	android tv	48.42155
600	shield	36.59625
600	boxes	32.40374
600	apps	31.21547
601	all	100
601	android	35.81115
601	apps	31.21547
602	all	100
602	google play	53.70535
602	play store	60.52608
603	all	100
603	android tv	48.42155
603	apps	31.21547
604	all	100
605	all	100
606	all	100
606	kodi	43.55359
607	all	100
607	google play	53.70535
607	play store	60.52608
607	assistant	30.47782
608	all	100
608	apps	31.21547
609	all	100
609	play store	60.52608
609	apps	31.21547
610	all	100
610	android tv	48.42155
610	apps	31.21547
611	all	100
611	sideload	38.56382
611	apps	31.21547
612	all	100
612	play store	60.52608
613	all	100
613	apps	31.21547
614	all	100
614	play store	60.52608
614	games	31.7364
614	apps	31.21547
615	all	100
616	all	100
616	apps	31.21547
617	all	100
618	all	100
618	assistant	34.81524
618	google	28.64112
619	all	100
619	apps	31.21547
620	all	100
620	android	35.81115
620	apps	31.21547
621	all	100
621	nvidia	40.76477
622	all	100
622	nvidia	40.76477
623	all	100
623	google play	53.70535
623	control	19.40601
623	remote	28.54707
623	apps	31.21547
624	all	100
624	plex	42.18784
625	all	100
625	apps	31.21547
626	all	100
626	nvidia	30.52926
626	canada	29.12842
627	all	100
627	shield	36.59625
627	apps	31.21547
628	all	100
628	shield	36.59625
628	plex	42.18784
629	all	100
629	nvidia	40.76477
629	google	28.64112
629	apps	31.21547
630	all	100
630	apps	31.21547
631	all	100
631	google play	53.70535
631	apps	31.21547
632	all	100
632	sideload	38.56382
632	google	28.64112
633	all	100
634	all	100
635	all	100
635	shield	36.59625
636	all	100
636	games	31.7364
636	apps	31.21547
637	all	100
638	all	100
638	plex	42.18784
639	all	100
639	apps	31.21547
640	all	100
640	streaming	32.39369
641	all	100
642	all	100
643	all	100
643	build quality	51.49747
643	controller	28.56096
643	nice	5.701327
643	also	5.641912
644	all	100
644	streaming	27.29296
644	nvidia	35.66807
644	gaming	27.7613
645	all	100
645	games	31.7364
646	all	100
647	all	100
647	gaming	27.7613
648	all	100
648	remote	28.54707
648	gaming	27.7613
649	all	100
649	games	31.7364
650	all	100
650	stream	27.31586
650	games	31.7364
651	all	100
651	streaming	27.29296
651	geforce	29.801
651	games	31.7364
652	all	100
652	games	31.7364
653	all	100
653	streaming	27.29296
653	nvidia	35.66807
653	game	26.56835
654	all	100
654	nvidia	35.66807
654	games	31.7364
655	all	100
655	stream	27.31586
655	games	31.7364
656	all	100
656	geforce	29.801
656	stream	27.31586
656	gaming	27.7613
656	games	31.7364
657	all	100
657	gaming	27.7613
658	all	100
658	stream	27.31586
658	nvidia	35.66807
658	gaming	27.7613
658	game	26.56835
659	all	100
659	gaming	27.7613
660	all	100
660	gaming	27.7613
661	all	100
661	controller	28.56096
662	all	100
662	games	31.7364
662	play	7.710384
663	all	100
663	best android	45.0793
663	android box	43.46378
663	games	31.7364
664	all	100
664	streaming	27.29296
664	gaming	27.7613
665	all	100
665	games	31.7364
666	all	100
666	controller	28.56096
666	streaming	27.29296
666	game	26.56835
667	all	100
668	all	100
668	controller	28.56096
668	stream	27.31586
668	games	31.7364
669	all	100
669	games	31.7364
670	all	100
670	streaming	27.29296
670	gaming	27.7613
671	all	100
671	android tv	42.96536
671	shield	36.59625
671	nvidia	40.76477
671	boxes	32.40374
672	all	100
672	games	31.7364
672	kids	15.28897
673	all	100
674	all	100
674	game	26.56835
675	all	100
675	controller	28.56096
675	stream	27.31586
675	nvidia	35.66807
675	games	31.7364
676	all	100
676	gaming	27.7613
676	love	5.380913
676	kids	15.28897
677	all	100
677	android	35.81115
677	stream	27.31586
677	gaming	27.7613
677	games	31.7364
678	all	100
678	keyboard	9.883478
678	gaming	27.7613
678	mouse	15.17577
678	games	31.7364
678	play	7.710384
678	pc	8.614049
679	all	100
679	games	31.7364
680	all	100
680	games	31.7364
681	all	100
681	android	35.81115
681	games	31.7364
682	all	100
682	stream	27.31586
682	game	26.56835
683	all	100
683	google play	53.70535
683	play store	60.52608
683	android	35.81115
683	games	31.7364
684	all	100
684	gaming	27.7613
685	all	100
685	game	26.56835
686	all	100
686	gaming	27.7613
687	all	100
687	streaming	27.29296
687	gaming	27.7613
688	all	100
688	controller	28.56096
688	remote	28.54707
688	games	31.7364
689	all	100
689	stream	27.31586
689	games	31.7364
690	all	100
691	all	100
691	games	31.7364
692	all	100
692	nvidia	35.66807
692	games	31.7364
693	all	100
693	stream	27.31586
693	game	26.56835
694	all	100
694	streaming	27.29296
694	nvidia	35.66807
694	games	31.7364
695	all	100
695	google play	53.70535
695	play store	60.52608
695	nvidia	40.76477
695	games	31.7364
696	all	100
696	nvidia	35.66807
696	games	31.7364
697	all	100
697	geforce	29.801
697	games	31.7364
698	all	100
698	games	31.7364
699	all	100
699	android	35.81115
699	games	31.7364
700	all	100
700	nvidia	35.66807
700	games	31.7364
701	all	100
702	all	100
702	games	31.7364
703	all	100
703	nvidia	35.66807
703	games	31.7364
704	all	100
704	streaming	27.29296
704	games	31.7364
705	all	100
705	android	27.88519
705	stream	27.31586
705	nvidia	35.66807
705	games	31.7364
706	all	100
706	controller	28.56096
706	feels	8.528302
707	all	100
707	stream	27.31586
707	games	31.7364
707	plex	42.18784
707	game	26.56835
707	apps	31.21547
708	all	100
708	games	31.7364
709	all	100
709	android	35.81115
709	game	26.56835
710	all	100
710	game	26.56835
711	all	100
711	controller	28.56096
712	all	100
712	controller	28.56096
712	gaming	27.7613
713	all	100
713	streaming	27.29296
713	gaming	27.7613
714	all	100
714	controller	28.56096
714	nvidia	35.66807
714	games	31.7364
715	all	100
715	gamestream	28.78266
715	games	31.7364
716	all	100
716	gaming	27.7613
717	all	100
717	gaming	27.7613
718	all	100
718	stream	27.31586
718	games	31.7364
719	all	100
719	geforce	29.801
719	game	26.56835
720	all	100
720	controller	28.56096
720	nvidia	35.66807
721	all	100
721	gaming	27.7613
721	video	14.5936
722	all	100
722	streaming	32.39369
723	all	100
723	games	31.7364
724	all	100
724	android	35.81115
724	gaming	27.7613
725	all	100
725	gaming	27.7613
726	all	100
726	controller	28.56096
726	games	31.7364
727	all	100
727	games	31.7364
728	all	100
728	gaming	27.7613
729	all	100
729	stream	27.31586
729	nvidia	35.66807
729	games	31.7364
730	all	100
730	streaming	27.29296
730	gaming	27.7613
731	all	100
731	geforce	29.801
731	games	31.7364
732	all	100
732	controller	28.56096
732	gaming	27.7613
733	all	100
734	all	100
734	android	35.81115
734	games	31.7364
735	all	100
735	streaming	27.29296
735	gaming	27.7613
736	all	100
736	remote	28.54707
736	gaming	27.7613
737	all	100
737	controller	28.56096
737	games	31.7364
737	play	7.710384
737	kids	15.28897
738	all	100
738	controller	28.56096
738	games	31.7364
739	all	100
739	game	26.56835
740	all	100
740	games	31.7364
741	all	100
741	streaming	27.29296
741	game	26.56835
742	all	100
742	controller	28.56096
742	game	26.56835
743	all	100
743	streaming	27.29296
743	games	31.7364
744	all	100
744	games	31.7364
745	all	100
745	controller	28.56096
745	games	31.7364
746	all	100
746	easy to use	66.92336
746	controller	28.56096
746	game	26.56835
747	all	100
747	streaming	27.29296
747	videos	14.39745
747	games	31.7364
748	all	100
748	streaming	27.29296
748	nvidia	35.66807
748	gaming	27.7613
749	all	100
749	games	31.7364
750	all	100
750	lightspeed	25.31273
750	nvidia	35.66807
750	games	31.7364
751	all	100
751	games	31.7364
752	all	100
752	gaming	27.7613
753	all	100
753	controller	28.56096
754	all	100
754	games	31.7364
755	all	100
755	streaming	27.29296
755	gaming	27.7613
756	all	100
756	android	35.81115
756	games	31.7364
757	all	100
757	games	31.7364
758	all	100
758	games	31.7364
759	all	100
759	gamestream	28.78266
759	stream	27.31586
759	nvidia	35.66807
759	game	26.56835
760	all	100
760	controller	28.56096
760	games	31.7364
761	all	100
761	lightspeed	25.31273
761	nvidia	35.66807
761	games	31.7364
762	all	100
762	games	31.7364
763	all	100
763	android	35.81115
763	games	31.7364
763	apps	31.21547
764	all	100
764	nvidia	35.66807
764	gaming	27.7613
765	all	100
765	stream	27.31586
765	nvidia	35.66807
765	games	31.7364
766	all	100
766	gaming	27.7613
767	all	100
767	streaming	27.29296
767	gaming	27.7613
767	4k	32.43502
768	all	100
768	games	31.7364
769	all	100
769	controller	28.56096
769	keyboard	18.57645
769	mouse	15.17577
769	games	31.7364
769	work	5.154825
769	pc	8.614049
770	all	100
770	nvidia	35.66807
770	gaming	27.7613
771	all	100
771	streaming	27.29296
771	gaming	27.7613
772	all	100
772	gaming	27.7613
773	all	100
773	geforce	29.801
773	nvidia	35.66807
773	gaming	27.7613
774	all	100
774	play store	60.52608
774	games	31.7364
775	all	100
775	games	31.7364
775	4k	32.43502
776	all	100
776	gaming	27.7613
777	all	100
777	gaming	27.7613
778	all	100
778	gaming	27.7613
778	games	31.7364
779	all	100
779	streaming	32.39369
779	geforce	29.801
779	android	35.81115
779	games	31.7364
780	all	100
780	games	31.7364
781	all	100
781	gamestream	28.78266
781	geforce	29.801
781	android	27.88519
781	games	31.7364
782	all	100
782	games	31.7364
783	all	100
783	stream	27.31586
783	game	26.56835
784	all	100
784	games	31.7364
785	all	100
785	game	26.56835
786	all	100
786	controller	28.56096
786	game	26.56835
787	all	100
787	games	31.7364
788	all	100
788	games	31.7364
789	all	100
789	controller	28.56096
789	game	26.56835
790	all	100
790	controller	28.56096
790	gaming	27.7613
790	tv	18.48458
791	all	100
792	all	100
792	stream	27.31586
792	nvidia	35.66807
792	games	31.7364
793	all	100
793	controller	28.56096
793	game	26.56835
794	all	100
794	gaming	27.7613
795	all	100
795	controller	28.56096
795	gaming	27.7613
795	apps	31.21547
796	all	100
796	streaming	27.29296
796	nvidia	35.66807
796	games	31.7364
796	game	26.56835
797	all	100
797	game	26.56835
798	all	100
798	geforce	29.801
798	games	31.7364
799	all	100
800	all	100
801	all	100
801	game	26.56835
802	all	100
802	controller	28.56096
803	all	100
803	google play	53.70535
803	play store	60.52608
803	assistant	30.47782
804	all	100
804	gaming	27.7613
804	games	31.7364
805	all	100
805	streaming	27.29296
805	game	26.56835
806	all	100
806	play store	60.52608
806	games	31.7364
806	apps	31.21547
807	all	100
807	game	26.56835
808	all	100
808	games	31.7364
808	apps	31.21547
809	all	100
809	controller	28.56096
809	remote	28.54707
809	gaming	27.7613
810	all	100
810	gamestream	28.78266
810	game	26.56835
811	all	100
811	controller	26.62076
811	remote	28.54707
812	all	100
812	remote	28.54707
813	all	100
813	remote	28.54707
814	all	100
814	remote	28.54707
815	all	100
815	remote	28.54707
816	all	100
816	remote	28.54707
817	all	100
817	remote	28.54707
817	gaming	27.7613
818	all	100
818	remote	28.54707
819	all	100
819	controller	26.62076
819	remote	28.54707
819	game	17.7439
820	all	100
820	controller	26.62076
820	slider	19.86374
820	remote	28.54707
820	game	17.7439
821	all	100
821	responsive	17.21128
821	remote	28.54707
822	all	100
822	remote	28.54707
823	all	100
823	remote	28.54707
824	all	100
824	remote and controller	71.40759
824	responsive	17.21128
825	all	100
825	remote	28.54707
826	all	100
826	remote	28.54707
827	all	100
827	controller	28.56096
827	remote	28.54707
827	games	31.7364
828	all	100
828	remote	28.54707
829	all	100
829	remote	28.54707
830	all	100
830	remote	28.54707
831	all	100
831	remote and controller	71.40759
832	all	100
832	remote	28.54707
833	all	100
833	remote and controller	71.40759
833	assistant	34.81524
833	android	35.81115
834	all	100
834	controller	26.62076
834	remote	28.54707
835	all	100
835	remote	28.54707
836	all	100
836	remote	28.54707
837	all	100
837	shield	23.23559
837	remote	28.54707
837	nvidia	21.48412
838	all	100
838	remotes	21.37016
839	all	100
839	control	19.40601
839	remote	28.54707
840	all	100
840	remote and controller	71.40759
841	all	100
841	remote	28.54707
842	all	100
842	remote	28.54707
843	all	100
843	remote	28.54707
844	all	100
844	remote	28.54707
845	all	100
845	remote	28.54707
845	gaming	27.7613
846	all	100
846	responsive	17.21128
846	remote	28.54707
847	all	100
847	remote	28.54707
848	all	100
848	controller	26.62076
848	remote	28.54707
849	all	100
849	remote	28.54707
850	all	100
850	remote	28.54707
851	all	100
851	harmony	22.53726
851	control	19.40601
852	all	100
852	controller	26.62076
852	remote	28.54707
852	nvidia	40.76477
853	all	100
853	remote	28.54707
854	all	100
854	play pause	73.7504
854	buttons	14.30488
854	volume	18.55774
854	remote	28.54707
855	all	100
855	remote and controller	71.40759
855	shield	23.23559
856	all	100
856	keyboard	18.57645
856	remote	28.54707
857	all	100
857	bluetooth	11.88306
857	remote	28.54707
857	works	6.462205
858	all	100
858	remote	28.54707
859	all	100
859	controller	26.62076
859	remote	28.54707
860	all	100
860	remotes	21.37016
861	all	100
861	control	19.40601
861	remote	28.54707
862	all	100
862	controller	26.62076
862	remote	28.54707
863	all	100
863	responsive	17.21128
863	remote	28.54707
864	all	100
864	remote	28.54707
865	all	100
865	power button	54.30181
865	remotes	21.37016
866	all	100
866	remote	28.54707
867	all	100
867	remote	28.54707
868	all	100
868	remote	28.54707
869	all	100
869	remotes	21.37016
870	all	100
870	controller	26.62076
870	remote	28.54707
871	all	100
871	remote	28.54707
872	all	100
872	remote	28.54707
873	all	100
873	harmony	22.53726
873	shield	23.23559
873	remote	28.54707
874	all	100
874	remote	28.54707
875	all	100
875	remote	28.54707
876	all	100
876	remote	28.54707
877	all	100
877	remote	28.54707
878	all	100
878	remote	28.54707
879	all	100
879	remote	28.54707
880	all	100
880	remote	28.54707
881	all	100
881	remote	28.54707
882	all	100
882	play pause	73.7504
882	buttons	14.30488
882	remote	28.54707
883	all	100
883	keyboard	18.57645
883	control	19.40601
883	remote	28.54707
883	app	9.825978
884	all	100
884	control	19.40601
884	remote	28.54707
885	all	100
885	slider	19.86374
885	remote	28.54707
886	all	100
886	remote	28.54707
887	all	100
887	controller	26.62076
887	remote	28.54707
888	all	100
888	remote	28.54707
889	all	100
889	remotes	21.37016
890	all	100
890	remote	28.54707
891	all	100
891	control	19.40601
891	remote	28.54707
892	all	100
892	remote	28.54707
893	all	100
893	remote	28.54707
894	all	100
894	control	19.40601
894	remote	28.54707
895	all	100
895	control	19.40601
895	remote	28.54707
896	all	100
896	remote	28.54707
897	all	100
897	battery	9.03019
897	remote	28.54707
897	week	8.494993
897	new	6.287624
898	all	100
898	remote	28.54707
899	all	100
899	remote	28.54707
900	all	100
900	google play	53.70535
900	control	19.40601
900	remote	28.54707
900	apps	31.21547
901	all	100
901	minutes	8.402826
901	battery	9.03019
901	remote	28.54707
901	lasted	9.932794
901	30	8.945242
902	all	100
902	remote	28.54707
903	all	100
903	remote	28.54707
904	all	100
904	harmony	22.53726
904	remote	28.54707
905	all	100
905	remote	28.54707
906	all	100
906	control	19.40601
906	remote	28.54707
907	all	100
907	remote	28.54707
908	all	100
908	remote	28.54707
909	all	100
909	shield	23.23559
909	remote	28.54707
910	all	100
910	remote	28.54707
911	all	100
911	controller	28.56096
911	remote	28.54707
911	gaming	27.7613
912	all	100
912	controller	26.62076
912	remote	28.54707
913	all	100
913	remote	28.54707
914	all	100
914	remote	28.54707
915	all	100
915	remote	28.54707
916	all	100
916	remote	28.54707
917	all	100
917	powerful	18.58845
917	fast	18.65117
918	all	100
918	fast	18.65117
919	all	100
919	fast	18.65117
920	all	100
920	powerful	18.58845
920	fast	18.65117
921	all	100
921	fast	18.65117
922	all	100
922	fast	18.65117
923	all	100
923	fast	18.65117
924	all	100
924	powerful	18.58845
925	all	100
925	performance	17.59576
926	all	100
926	speed	15.57041
927	all	100
927	fast	18.65117
928	all	100
929	all	100
929	smooth	17.09252
929	fast	18.65117
930	all	100
930	fast	18.65117
931	all	100
931	fast	18.65117
932	all	100
932	speed	15.57041
933	all	100
933	speed	15.57041
934	all	100
935	all	100
935	gaming	27.7613
936	all	100
936	fast	18.65117
937	all	100
937	performance	17.59576
937	shield	15.83485
938	all	100
938	snappy	21.14985
939	all	100
939	fast	18.65117
940	all	100
940	responsive	15.73947
940	fast	18.65117
941	all	100
941	responsive	15.73947
941	fast	18.65117
942	all	100
942	powerful	18.58845
942	smooth	17.09252
942	apps	31.21547
943	all	100
943	smooth	17.09252
944	all	100
944	fast	18.65117
944	box	15.80623
945	all	100
945	responsive	15.73947
945	fast	18.65117
946	all	100
946	fast	18.65117
947	all	100
947	responsive	15.73947
947	fast	18.65117
948	all	100
948	snappy	21.14985
948	shield	15.83485
948	nvidia	17.27837
948	fast	18.65117
949	all	100
949	fast	18.65117
950	all	100
950	snappy	21.14985
951	all	100
951	performance	17.59576
951	rarely	12.11778
952	all	100
953	all	100
953	smooth	17.09252
954	all	100
954	fast	18.65117
955	all	100
955	performance	17.59576
956	all	100
956	fast	18.65117
957	all	100
957	performance	17.59576
958	all	100
958	smooth	17.09252
959	all	100
959	performance	17.59576
959	easy to use	66.92336
960	all	100
960	powerful	18.58845
961	all	100
961	fast	18.65117
962	all	100
962	fast	18.65117
963	all	100
963	snappy	21.14985
964	all	100
964	fast	18.65117
965	all	100
965	fast	18.65117
966	all	100
967	all	100
968	all	100
968	performance	17.59576
969	all	100
969	performance	17.59576
970	all	100
970	smooth	17.09252
971	all	100
971	speed	15.57041
971	iptv	18.87074
972	all	100
972	build quality	51.49747
972	fast	18.65117
973	all	100
973	powerful	18.58845
973	fast	18.65117
974	all	100
974	smooth	17.09252
975	all	100
975	fast	18.65117
976	all	100
976	fast	18.65117
977	all	100
977	performance	17.59576
978	all	100
979	all	100
979	performance	17.59576
980	all	100
981	all	100
981	kodi	43.55359
981	fast	18.65117
982	all	100
983	all	100
983	time	5.308853
984	all	100
985	all	100
985	nvidia	17.27837
985	fast	18.65117
986	all	100
986	speed	15.57041
987	all	100
987	easy to setup	58.03367
987	android phone	65.66054
988	all	100
988	great device	43.6543
988	streaming	23.9883
989	all	100
989	smart	15.13237
990	all	100
990	streaming device	40.73249
991	all	100
991	android tv	42.96536
992	all	100
992	streaming	23.9883
992	device	17.80915
993	all	100
993	great device	43.6543
994	all	100
994	great device	43.6543
995	all	100
995	android tv device	74.45565
995	best android tv	86.67957
996	all	100
996	easy to setup	58.03367
996	android phone	65.66054
997	all	100
997	device	17.80915
998	all	100
998	streaming device	40.73249
998	android boxes	47.32212
999	all	100
999	streaming device	40.73249
999	media	21.99581
1000	all	100
1000	android tv	42.96536
1001	all	100
1001	apple tv	44.50319
1001	shield	18.00552
1002	all	100
1002	device	17.80915
1002	tv	18.48458
1003	all	100
1003	streaming device	40.73249
1004	all	100
1004	streaming	23.9883
1005	all	100
1005	media	21.99581
1005	tv	18.48458
1006	all	100
1006	smart tv	41.9878
1007	all	100
1007	media player	63.95177
1008	all	100
1009	all	100
1009	tv	18.48458
1010	all	100
1010	streaming device	40.73249
1010	media	21.99581
1011	all	100
1011	media player	63.95177
1011	streaming	32.39369
1011	plex	42.18784
1012	all	100
1012	android phone	65.66054
1012	setup	19.72914
1012	easy	13.16196
1013	all	100
1013	apple tv	44.50319
1014	all	100
1014	android tv device	74.45565
1014	best android tv	86.67957
1015	all	100
1015	smart	15.13237
1015	boxes	18.4928
1015	tv	18.48458
1016	all	100
1016	gamestream	20.42216
1016	network	8.910509
1016	living	10.7441
1016	room	7.745659
1016	tv	18.48458
1016	4k	10.7111
1017	all	100
1017	streaming devices	50.73249
1018	all	100
1018	android tv device	74.45565
1018	best android tv	86.67957
1019	all	100
1019	device	17.80915
1020	all	100
1020	android boxes	47.32212
1020	tv	18.48458
1021	all	100
1022	all	100
1022	apple tv	44.50319
1023	all	100
1024	all	100
1024	streaming device	40.73249
1025	all	100
1025	android phone	52.46785
1025	keyboard	18.57645
1026	all	100
1026	streaming devices	50.73249
1026	android	35.81115
1027	all	100
1028	all	100
1028	android boxes	47.32212
1029	all	100
1029	media	21.99581
1029	boxes	32.40374
1030	all	100
1030	smart tv	41.9878
1031	all	100
1031	shield	18.00552
1031	tv	18.48458
1032	all	100
1032	configuration	14.29647
1032	android	35.81115
1032	device	17.80915
1032	easy	15.05709
1033	all	100
1033	device	17.80915
1033	tv	18.48458
1034	all	100
1034	device	17.80915
1034	media	21.99581
1035	all	100
1035	media	21.99581
1035	plex	42.18784
1036	all	100
1036	android tv	42.96536
1036	boxes	32.40374
1037	all	100
1037	media player	63.95177
1038	all	100
1039	all	100
1039	streaming	23.9883
1040	all	100
1040	apple tv	44.50319
1041	all	100
1041	streaming device	40.73249
1041	media player	63.95177
1042	all	100
1042	great device	43.6543
1043	all	100
1043	chromecast	17.73504
1044	all	100
1044	streaming devices	50.73249
1045	all	100
1045	device	17.80915
1045	tv	18.48458
1046	all	100
1047	all	100
1047	controller	28.56096
1047	gaming	27.7613
1047	tv	18.48458
1048	all	100
1048	smart tv	41.9878
1049	all	100
1049	tv	18.48458
1050	all	100
1050	android	35.81115
1051	all	100
1051	device	17.80915
1052	all	100
1052	device	17.80915
1053	all	100
1053	chromecast	17.73504
1054	all	100
1054	network	13.73266
1054	shield	36.59625
1055	all	100
1055	clean	12.58293
1055	fast	6.932328
1056	all	100
1056	fast	18.65117
1057	all	100
1057	4k	32.43502
1058	all	100
1058	netflix	23.13022
1058	4k	32.43502
1059	all	100
1059	4k	32.43502
1060	all	100
1060	4k	32.43502
1061	all	100
1061	content	23.91759
1061	4k	32.43502
1062	all	100
1062	netflix	23.13022
1062	4k	32.43502
1063	all	100
1063	content	23.91759
1063	4k	32.43502
1064	all	100
1064	streaming	22.54473
1064	1080p	21.69866
1064	4k	32.43502
1065	all	100
1065	4k	32.43502
1066	all	100
1066	nvidia shield tv	106.1373
1067	all	100
1067	4k	32.43502
1068	all	100
1068	4k	32.43502
1069	all	100
1069	nvidia shield tv	106.1373
1069	streaming	32.39369
1070	all	100
1070	1080p	21.69866
1070	4k	32.43502
1071	all	100
1072	all	100
1072	shield tv	49.0689
1073	all	100
1073	content	23.91759
1073	hdr	26.85021
1073	4k	32.43502
1074	all	100
1074	4k	32.43502
1075	all	100
1075	buffering	18.64332
1075	1080p	21.69866
1076	all	100
1076	streaming	22.54473
1076	netflix	23.13022
1076	4k	32.43502
1077	all	100
1077	shield	29.76233
1077	4k	32.43502
1078	all	100
1078	nvidia shield tv	106.1373
1079	all	100
1079	netflix	23.13022
1080	all	100
1080	android tv	42.96536
1080	assistant	34.81524
1080	4k	32.43502
1081	all	100
1081	netflix	23.13022
1081	4k	32.43502
1082	all	100
1082	4k	32.43502
1083	all	100
1083	4k	32.43502
1084	all	100
1084	hdr	26.85021
1084	4k	32.43502
1085	all	100
1085	netflix	23.13022
1085	hdr	26.85021
1085	4k	32.43502
1086	all	100
1087	all	100
1087	streaming	22.54473
1087	4k	32.43502
1088	all	100
1088	4k	32.43502
1089	all	100
1090	all	100
1090	streaming	22.54473
1090	4k	32.43502
1091	all	100
1091	nvidia shield tv	106.1373
1092	all	100
1092	4k	32.43502
1093	all	100
1094	all	100
1094	hard drive	55.45792
1094	external	12.01159
1094	usb	16.61144
1094	4k	32.43502
1095	all	100
1095	streaming	32.39369
1095	nvidia	40.76477
1095	4k	32.43502
1096	all	100
1096	streaming	27.29296
1096	gaming	27.7613
1096	4k	32.43502
1097	all	100
1098	all	100
1098	4k	32.43502
1099	all	100
1099	1080p	21.69866
1099	4k	32.43502
1100	all	100
1100	netflix	23.13022
1100	hdr	26.85021
1100	4k	32.43502
1101	all	100
1101	shield	29.76233
1101	hdr	26.85021
1101	4k	32.43502
1102	all	100
1102	upscaling	21.08426
1102	1080p	21.69866
1103	all	100
1103	content	23.91759
1103	hdr	26.85021
1103	4k	32.43502
1104	all	100
1104	hdr	26.85021
1104	4k	32.43502
1105	all	100
1105	nvidia shield	58.03405
1105	hdr	26.85021
1105	4k	32.43502
1106	all	100
1106	content	23.91759
1106	shield	29.76233
1107	all	100
1107	shield	29.76233
1107	1080p	21.69866
1108	all	100
1108	games	31.7364
1108	4k	32.43502
1109	all	100
1109	4k	32.43502
1110	all	100
1111	all	100
1111	netflix	23.13022
1111	4k	32.43502
1112	all	100
1112	hdmi	20.61242
1112	4k	32.43502
1113	all	100
1113	nvidia shield tv	106.1373
1113	movies	16.01513
1114	all	100
1115	all	100
1115	4k	32.43502
1116	all	100
1116	netflix	23.13022
1116	content	23.91759
1116	4k	32.43502
1117	all	100
1117	quality	9.241168
1117	picture	15.4014
1117	shield	29.76233
1117	1080p	21.69866
1118	all	100
1118	upscaling	21.08426
1118	shield	29.76233
1119	all	100
1119	upscaling	21.08426
1119	streaming	22.54473
1119	netflix	23.13022
1119	4k	32.43502
1120	all	100
1120	ports	19.24178
1120	hdmi	20.61242
1121	all	100
1121	android tv	42.96536
1121	canada	34.42183
1121	4k	32.43502
1122	all	100
1122	easy to set	64.31668
1122	super	14.47485
1123	all	100
1123	user friendly	60.87463
1124	all	100
1124	worth the money	61.19465
1124	easy to use	66.92336
1124	super	14.47485
1125	all	100
1125	user friendly	60.87463
1126	all	100
1126	easy to use	66.92336
1127	all	100
1127	easy to setup	58.03367
1127	android phone	65.66054
1128	all	100
1128	user friendly	60.87463
1129	all	100
1129	interface	14.74239
1129	super	14.47485
1129	user	18.41505
1129	easy	15.05709
1130	all	100
1130	easy to set	64.31668
1131	all	100
1131	easy to use	66.92336
1131	super	14.47485
1132	all	100
1132	easy to install	71.0974
1133	all	100
1133	easy	15.05709
1134	all	100
1134	easy	15.05709
1135	all	100
1135	easy to use	66.92336
1136	all	100
1136	easy to use	66.92336
1136	streams	14.78043
1137	all	100
1137	navigate	15.82373
1137	easy	15.05709
1138	all	100
1138	easy to use	66.92336
1139	all	100
1139	easy to set	64.31668
1139	super	14.47485
1140	all	100
1140	easy to use	66.92336
1141	all	100
1141	easy to setup	58.03367
1141	super	14.47485
1142	all	100
1143	all	100
1143	easy to use	66.92336
1143	interface	14.74239
1143	setup	19.72914
1144	all	100
1144	easy to use	66.92336
1145	all	100
1145	easy to use	66.92336
1146	all	100
1146	user friendly	60.87463
1146	easy to setup	58.03367
1147	all	100
1147	setup	19.72914
1148	all	100
1148	breeze	11.54729
1148	set	11.43573
1149	all	100
1149	easy to use	66.92336
1150	all	100
1150	setup	19.72914
1150	easy	15.05709
1151	all	100
1151	easy to use	66.92336
1151	setup	19.72914
1152	all	100
1152	interface	14.74239
1153	all	100
1153	simple	9.975943
1153	set	11.43573
1154	all	100
1154	easy to use	66.92336
1155	all	100
1155	easy to install	71.0974
1156	all	100
1156	fast	18.65117
1157	all	100
1157	easy to setup	58.03367
1157	android phone	65.66054
1158	all	100
1158	easy to setup	58.03367
1159	all	100
1159	easy to use	66.92336
1160	all	100
1160	easy to set	62.3221
1161	all	100
1161	easy to install	71.0974
1161	kodi	43.55359
1162	all	100
1162	simple	9.975943
1162	setup	19.72914
1163	all	100
1163	easy to set	62.3221
1163	apps	31.21547
1164	all	100
1164	setup	19.72914
1164	easy	15.05709
1165	all	100
1165	easy to use	66.92336
1165	navigate	15.82373
1166	all	100
1166	easy to use	66.92336
1167	all	100
1167	user friendly	60.87463
1168	all	100
1168	easy	15.05709
1169	all	100
1169	user friendly	60.87463
1170	all	100
1170	easy to install	71.0974
1170	super	14.47485
1170	kodi	43.55359
1171	all	100
1171	setup	19.72914
1172	all	100
1173	all	100
1173	configuration	14.29647
1173	easy	15.05709
1174	all	100
1174	performance	17.59576
1174	easy to use	66.92336
1175	all	100
1175	easy to use	66.92336
1175	controller	28.56096
1175	game	26.56835
1176	all	100
1176	easy to use	66.92336
1176	streams	14.78043
1177	all	100
1177	easy to set	62.3221
1178	all	100
1178	configuration	14.29647
1178	android	35.81115
1178	device	17.80915
1178	easy	15.05709
1179	all	100
1180	all	100
1180	setup	19.72914
1180	easy	15.05709
1181	all	100
1182	all	100
1183	all	100
1183	navigate	15.82373
1183	easy	15.05709
1184	all	100
1184	super	14.47485
1185	all	100
1186	all	100
1186	user	18.41505
1187	all	100
1187	worth the money	61.19465
1188	all	100
1188	worth the money	61.19465
1189	all	100
1189	worth the money	61.19465
1189	easy to use	66.92336
1189	super	14.47485
1190	all	100
1190	worth the extra	70.08434
1191	all	100
1191	worth the price	54.23471
1192	all	100
1192	worth the price	54.23471
1193	all	100
1193	worth the price	54.23471
1194	all	100
1194	worth the extra	70.08434
1194	money	16.67973
1195	all	100
1195	worth	20.65742
1195	price	11.65451
1196	all	100
1196	worth the money	61.19465
1197	all	100
1197	worth the extra	70.08434
1197	money	16.67973
1198	all	100
1198	worth the money	61.19465
1199	all	100
1199	worth the money	61.19465
1200	all	100
1200	worth	20.65742
1201	all	100
1201	spent	14.21238
1201	money	16.67973
1202	all	100
1202	spent	14.21238
1202	money	16.67973
1203	all	100
1204	all	100
1204	worth the extra	70.08434
1204	money	16.67973
1205	all	100
1206	all	100
1206	worth the money	61.19465
1207	all	100
1207	worth every penny	91.0797
1208	all	100
1208	worth	20.65742
1208	money	16.67973
1209	all	100
1209	premium	14.66209
1209	price	11.65451
1210	all	100
1210	premium	14.66209
1210	worth	20.65742
1210	price	11.65451
1211	all	100
1211	worth the price	54.23471
1212	all	100
1212	worth every penny	91.0797
1213	all	100
1213	worth every penny	91.0797
1214	all	100
1214	worth	20.65742
1214	every	14.05004
1214	cent	15.11346
1215	all	100
1215	worth the extra	70.08434
1216	all	100
1217	all	100
1217	worth	20.65742
1218	all	100
1218	price	11.65451
1219	all	100
1219	worth	20.65742
1219	price	11.65451
1220	all	100
1220	worth	20.65742
1220	spent	14.21238
1220	every	14.05004
1220	cent	15.11346
1221	all	100
1221	worth	20.65742
1221	penny	21.07225
1221	every	14.05004
1221	pay	12.44437
1222	all	100
1222	worth the money	61.19465
1223	all	100
1223	worth	20.65742
1223	price	11.65451
1224	all	100
1224	price	11.65451
1225	all	100
1225	worth the price	54.23471
1225	premium	14.66209
1226	all	100
1226	worth	20.65742
1226	spent	14.21238
1226	every	14.05004
1227	all	100
1227	money	16.67973
1228	all	100
1228	pay	12.44437
1229	all	100
1229	pay	12.44437
1230	all	100
1230	price	11.65451
1231	all	100
1231	worth	20.65742
1231	money	16.67973
1232	all	100
1232	drive	16.54985
1232	usb	16.96475
1233	all	100
1234	all	100
1234	usb ports	58.66249
1234	storage	21.74043
1235	all	100
1235	expanded	15.39296
1235	port	13.75571
1236	all	100
1236	hdmi	20.61242
1237	all	100
1237	ethernet	17.24154
1238	all	100
1238	hdmi cable	53.85431
1239	all	100
1239	hdmi	20.61242
1239	cec	17.38845
1240	all	100
1240	drives	15.4034
1240	usb	16.96475
1241	all	100
1242	all	100
1242	hdmi cable	53.85431
1243	all	100
1243	ethernet	17.24154
1243	duplex	17.59789
1244	all	100
1244	port	13.75571
1244	usb	16.96475
1245	all	100
1245	usb ports	45.37434
1246	all	100
1246	ports	19.24178
1247	all	100
1247	hdmi cable	53.85431
1248	all	100
1248	drives	15.4034
1248	usb	16.96475
1249	all	100
1249	hard drive	55.45792
1249	attached	9.893981
1249	usb	16.96475
1250	all	100
1250	hdmi	20.61242
1251	all	100
1251	usb ports	45.37434
1251	drives	15.4034
1251	micro	10.00325
1252	all	100
1252	ethernet	17.24154
1252	kodi	13.86794
1253	all	100
1253	hdmi	20.61242
1253	4k	32.43502
1254	all	100
1254	usb ports	45.37434
1254	micro	10.00325
1255	all	100
1255	hdmi	20.61242
1255	cord	13.82249
1256	all	100
1256	used	5.868001
1256	card	7.419416
1256	usb	16.96475
1256	sd	11.76441
1257	all	100
1257	hdmi cable	53.85431
1258	all	100
1258	hdmi cable	53.85431
1259	all	100
1259	hdmi	20.61242
1260	all	100
1260	usb port	41.22396
1261	all	100
1261	ethernet	17.24154
1262	all	100
1262	hdmi cable	53.85431
1263	all	100
1263	external	16.86117
1263	storage	21.74043
1263	usb	16.96475
1264	all	100
1264	port	13.75571
1264	kodi	43.55359
1265	all	100
1265	ports	19.24178
1265	hdmi	20.61242
1266	all	100
1266	hdmi	20.61242
1267	all	100
1268	all	100
1268	easy to set	64.31668
1268	super	14.47485
1269	all	100
1269	setup	19.72914
1269	easy	13.16196
1270	all	100
1270	easy to setup	58.03367
1270	android phone	65.66054
1271	all	100
1271	easy to set	64.31668
1272	all	100
1272	easy to install	71.0974
1273	all	100
1273	easy to set	64.31668
1273	super	14.47485
1274	all	100
1274	easy to setup	58.03367
1274	super	14.47485
1275	all	100
1275	easy to set	64.31668
1276	all	100
1276	easy to use	66.92336
1276	interface	14.74239
1276	setup	19.72914
1277	all	100
1277	user friendly	60.87463
1277	easy to setup	58.03367
1278	all	100
1278	setup	19.72914
1279	all	100
1279	breeze	11.54729
1279	set	11.43573
1280	all	100
1280	setup	19.72914
1280	easy	15.05709
1281	all	100
1281	easy to use	66.92336
1281	setup	19.72914
1282	all	100
1282	simple	9.975943
1282	set	11.43573
1283	all	100
1283	easy to setup	57.15461
1284	all	100
1284	easy to install	71.0974
1285	all	100
1285	easy to setup	58.03367
1285	android phone	65.66054
1286	all	100
1286	easy to setup	58.03367
1287	all	100
1287	easy to install	71.0974
1287	kodi	43.55359
1288	all	100
1288	setup	19.72914
1289	all	100
1289	simple	9.975943
1289	setup	19.72914
1290	all	100
1290	setup	19.72914
1290	easy	15.05709
1291	all	100
1291	android phone	65.66054
1291	setup	19.72914
1291	easy	13.16196
1292	all	100
1292	easy to install	71.0974
1292	super	14.47485
1292	kodi	43.55359
1293	all	100
1293	setup	19.72914
1294	all	100
1294	install	11.56194
1294	set	11.43573
1295	all	100
1295	configuration	14.29647
1295	easy	15.05709
1296	all	100
1296	quality	9.241168
1296	picture	15.4014
1296	setup	19.72914
1296	easy	13.16196
1297	all	100
1297	configuration	14.29647
1297	android	35.81115
1297	device	17.80915
1297	easy	15.05709
1298	all	100
1298	setup	19.72914
1298	easy	15.05709
1299	all	100
1299	simple	9.975943
1299	setup	19.72914
1299	easy	13.16196
1300	all	100
1300	delivered	14.76702
1300	quickly	10.29427
1301	all	100
1301	fast	12.60829
1302	all	100
1302	delivery	17.24001
1302	box	15.80623
1303	all	100
1303	packaged	13.18796
1303	delivery	17.24001
1303	fast	12.60829
1304	all	100
1304	powerful	10.68362
1304	box	15.80623
1305	all	100
1305	box	15.80623
1306	all	100
1306	purchase	7.093702
1306	delivery	17.24001
1307	all	100
1307	delivery	17.24001
1307	shield	12.77546
1307	date	10.54912
1308	all	100
1308	shield	12.77546
1308	rocks	13.5917
1308	box	15.80623
1309	all	100
1309	packaged	13.18796
1309	box	15.80623
1310	all	100
1310	quickly	10.29427
1311	all	100
1311	box	15.80623
1312	all	100
1312	delivery	17.24001
1313	all	100
1313	rocks	13.5917
1313	box	15.80623
1314	all	100
1314	delivered	14.76702
1314	door	10.223
1314	box	15.80623
1315	all	100
1315	fast	18.65117
1315	box	15.80623
1316	all	100
1316	packaged	13.18796
1317	all	100
1317	box	15.80623
1318	all	100
1318	delivery	17.24001
1318	fast	12.60829
1319	all	100
1319	powerful	10.68362
1319	box	15.80623
1320	all	100
1320	box	15.80623
1321	all	100
1321	product	5.945817
1322	all	100
1322	quickly	10.29427
1323	all	100
1323	fast	12.60829
1323	box	15.80623
1324	all	100
1324	delivery	17.24001
1325	all	100
1325	delivery	17.24001
1325	fast	12.60829
1326	all	100
1327	all	100
1327	fast	18.65117
1328	all	100
1328	box	15.80623
1329	all	100
1330	all	100
1330	delivered	14.76702
1331	all	100
1332	all	100
1333	all	100
1333	months ago	51.89034
1334	all	100
1334	months ago	51.89034
1334	shield	21.06491
1334	couple	11.55966
1335	all	100
1335	boxes	13.90134
1336	all	100
1336	year	12.01691
1337	all	100
1338	all	100
1338	months ago	51.89034
1339	all	100
1340	all	100
1340	year	12.01691
1341	all	100
1342	all	100
1342	month	12.08084
1342	year	12.01691
1343	all	100
1343	months	14.47202
1343	couple	11.55966
1344	all	100
1345	all	100
1346	all	100
1346	months	14.47202
1347	all	100
1348	all	100
1348	shield	21.06491
1348	year	12.01691
1349	all	100
1350	all	100
1350	month	12.08084
1351	all	100
1352	all	100
1352	boxes	13.90134
1353	all	100
1354	all	100
1355	all	100
1356	all	100
1356	controllers	13.13528
1356	shield	21.06491
1356	months	14.47202
1357	all	100
1357	months	14.47202
1358	all	100
1358	errors	12.52723
1359	all	100
1360	all	100
1360	months	14.47202
1361	all	100
1362	all	100
1362	drive	16.54985
1363	all	100
1363	storage	21.74043
1364	all	100
1364	internal memory	52.81286
1364	hard drive	53.63748
1364	external	16.86117
1364	128gb	16.90332
1365	all	100
1365	drive	16.54985
1365	usb	16.96475
1366	all	100
1366	storage	21.74043
1367	all	100
1367	usb ports	58.66249
1367	storage	21.74043
1368	all	100
1368	internal memory	52.81286
1368	16gb	23.12455
1369	all	100
1369	500gb	18.07278
1369	16gb	23.12455
1370	all	100
1370	mini keyboard	40.46693
1370	usb 3 0	129.9553
1370	memory	17.27357
1370	128gb	16.90332
1371	all	100
1371	jump drive	49.48711
1371	internal	22.50671
1371	gb	15.1634
1372	all	100
1372	external drive	41.41356
1372	jump drive	49.48711
1372	storage	21.74043
1372	memory	17.27357
1373	all	100
1373	internal	22.50671
1373	version	8.979276
1373	drive	16.54985
1373	pro	8.472418
1373	500	11.72272
1373	sd	11.76441
1373	gb	15.1634
1374	all	100
1374	jump drive	49.48711
1374	nvidia	13.94008
1374	gb	15.1634
1375	all	100
1375	hard drive	53.63748
1375	500gb	18.07278
1376	all	100
1376	memory	17.27357
1377	all	100
1377	internal	22.50671
1377	storage	21.74043
1378	all	100
1378	hard drive	53.63748
1378	external	16.86117
1378	storage	21.74043
1379	all	100
1379	internal memory	52.81286
1379	storage	21.74043
1379	drive	16.54985
1380	all	100
1380	internal	22.50671
1380	usb 3 0	129.9553
1380	storage	21.74043
1381	all	100
1381	internal memory	52.81286
1382	all	100
1382	internal memory	52.81286
1382	drive	16.54985
1383	all	100
1383	usb 3 0	129.9553
1383	storage	21.74043
1383	128gb	16.90332
1384	all	100
1384	storage	21.74043
1385	all	100
1385	4gb	13.97701
1386	all	100
1386	storage	21.74043
1387	all	100
1388	all	100
1388	external	16.86117
1388	storage	21.74043
1389	all	100
1389	external	16.86117
1389	storage	21.74043
1389	usb	16.96475
1390	all	100
1390	volume	18.55774
1390	touch	15.69544
1391	all	100
1391	comfortable	13.44616
1391	controller	20.83904
1391	button	16.2674
1391	box	11.1232
1392	all	100
1392	volume	18.55774
1393	all	100
1393	button	16.2674
1394	all	100
1394	control	16.71965
1395	all	100
1395	play pause	73.7504
1395	buttons	14.30488
1395	volume	18.55774
1395	remote	28.54707
1396	all	100
1396	button	16.2674
1396	menu	17.43655
1397	all	100
1397	volume	18.55774
1398	all	100
1398	volume	18.55774
1399	all	100
1399	volume control	45.38538
1400	all	100
1400	volume control	45.38538
1401	all	100
1401	power button	54.30181
1401	remotes	21.37016
1402	all	100
1402	volume control	45.38538
1402	accidentally	16.81952
1402	touch	15.69544
1403	all	100
1403	play pause	73.7504
1403	buttons	14.30488
1403	volume	18.55774
1403	mouse	15.17577
1403	air	8.866067
1404	all	100
1404	controller	17.61577
1404	control	16.71965
1404	volume	18.55774
1404	slider	23.23887
1405	all	100
1405	play pause	73.7504
1405	buttons	14.30488
1405	remote	28.54707
1406	all	100
1406	buttons	14.30488
1406	slider	23.23887
1406	touch	15.69544
1407	all	100
1407	volume	18.55774
1407	slider	23.23887
1407	touch	15.69544
1408	all	100
1409	all	100
1409	power button	54.30181
1410	all	100
1410	menu	17.43655
1411	all	100
1411	button	16.2674
1412	all	100
1412	control	16.71965
1413	all	100
1413	volume control	45.38538
1413	touch	15.69544
1414	all	100
1414	controller	17.61577
1414	buttons	14.30488
1415	all	100
1415	button	16.2674
1416	all	100
1416	power button	54.30181
1417	all	100
1417	prime video	46.29357
1417	netflix	17.31951
1418	all	100
1418	amazon prime	56.29357
1418	prime video	46.29357
1418	netflix	17.31951
1418	plex	42.18784
1419	all	100
1419	movies	16.01513
1420	all	100
1420	buffering	18.64332
1421	all	100
1421	netflix	17.31951
1421	video	14.5936
1421	plex	21.24939
1422	all	100
1422	buffering	18.64332
1422	1080p	21.69866
1423	all	100
1423	gaming	27.7613
1423	video	14.5936
1424	all	100
1424	netflix	17.31951
1424	video	14.5936
1425	all	100
1425	movies	16.01513
1426	all	100
1426	streaming	13.57645
1426	video	14.5936
1427	all	100
1427	plex	21.24939
1428	all	100
1428	streaming	27.29296
1428	videos	14.39745
1428	games	31.7364
1429	all	100
1429	videos	14.39745
1430	all	100
1430	nvidia	17.27837
1430	video	14.5936
1430	games	11.77978
1431	all	100
1431	amazon prime	56.29357
1431	prime video	46.29357
1432	all	100
1432	movies	16.01513
1433	all	100
1433	amazon prime	56.29357
1433	streaming	13.57645
1433	netflix	17.31951
1433	videos	14.39745
1434	all	100
1434	movies	16.01513
1435	all	100
1435	buffering	18.64332
1435	movies	16.01513
1436	all	100
1436	nvidia shield tv	106.1373
1436	movies	16.01513
1437	all	100
1437	comfortable	13.44616
1437	controller	20.83904
1437	hands	16.7131
1438	all	100
1438	comfortable	13.44616
1438	looking	7.041601
1439	all	100
1439	comfortable	13.44616
1439	controller	20.83904
1439	shape	10.95602
1440	all	100
1440	controller	20.83904
1440	hands	16.7131
1440	feels	8.528302
1441	all	100
1441	comfortable	13.44616
1441	controller	20.83904
1442	all	100
1442	hands	16.7131
1442	box	11.1232
1443	all	100
1443	hand	8.715466
1444	all	100
1444	hands	16.7131
1444	best	9.187586
1445	all	100
1445	hands	16.7131
1445	cord	10.71121
1445	best	9.187586
1445	box	11.1232
1446	all	100
1446	shape	10.95602
1446	good	4.059989
1447	all	100
1447	comfortable	13.44616
1447	controller	20.83904
1447	button	16.2674
1447	box	11.1232
1448	all	100
1448	hands	16.7131
1448	best	9.187586
1448	box	11.1232
1449	all	100
1450	all	100
1450	controller	28.56096
1450	feels	8.528302
1451	all	100
1451	hands	16.7131
1452	all	100
1452	comfortable	13.44616
1452	controller	20.83904
1453	all	100
1453	best	9.187586
1454	all	100
1455	all	100
1455	keyboard	18.57645
1456	all	100
1456	controller	10.68362
1456	keyboard	18.57645
1457	all	100
1458	all	100
1458	keyboard	18.57645
1459	all	100
1459	android phone	52.46785
1459	keyboard	18.57645
1460	all	100
1460	keyboard	18.57645
1461	all	100
1461	mini keyboard	40.46693
1461	usb 3 0	129.9553
1461	memory	17.27357
1461	128gb	16.90332
1462	all	100
1462	mini keyboard	40.46693
1463	all	100
1463	mini keyboard	40.46693
1464	all	100
1464	keyboard	18.57645
1464	remote	28.54707
1465	all	100
1465	controller	28.56096
1465	keyboard	18.57645
1465	mouse	15.17577
1465	games	31.7364
1465	work	5.154825
1465	pc	8.614049
1466	all	100
1466	keyboard	18.57645
1466	type	11.10859
1467	all	100
1467	assistant	34.81524
1467	keyboard	18.57645
1467	google	28.64112
1468	all	100
1468	keyboard	18.57645
1468	nvidia	40.76477
1468	app	9.825978
1469	all	100
1469	keyboard	18.57645
1469	control	19.40601
1469	remote	28.54707
1469	app	9.825978
1470	all	100
1470	replacement	8.215201
1470	want	8.332104
1471	all	100
1471	back	6.158969
1472	all	100
1472	return	14.96551
1473	all	100
1473	back	6.158969
1474	all	100
1475	all	100
1476	all	100
1476	return	14.96551
1477	all	100
1477	return	14.96551
1478	all	100
1478	return	14.96551
1478	want	8.332104
1479	all	100
1479	return	14.96551
1480	all	100
1480	returned	9.408527
1481	all	100
1481	return	14.96551
1482	all	100
1482	returned	9.408527
1483	all	100
1483	want	8.332104
1484	all	100
1484	return	14.96551
1485	all	100
1485	purchase	7.093702
1485	delivery	17.24001
1486	all	100
1486	product	5.945817
1487	all	100
1487	good	4.059989
1488	all	100
1488	canada	24.68266
1488	amazon	13.78627
1488	video	7.481748
1489	all	100
1489	thank	8.953815
1490	all	100
1490	product	5.945817
1491	all	100
1491	quickly	10.29427
1492	all	100
1492	amazon	13.78627
1492	thank	8.953815
1493	all	100
1493	amazon	13.78627
1494	all	100
1494	amazon	13.78627
1494	good	4.059989
1495	all	100
1495	fix	9.83404
1496	all	100
1496	product	5.945817
1496	prime	12.85334
1497	all	100
1497	canada	24.68266
1497	amazon	13.78627
1497	prime	12.85334
1498	all	100
1498	amazon	13.78627
1499	all	100
1499	voice	17.89064
1500	all	100
1500	living room	43.03781
1500	upstairs	12.91043
1500	shield	18.00552
1501	all	100
1501	connection	11.79221
1501	shield	18.00552
1502	all	100
1503	all	100
1503	network	13.73266
1504	all	100
1504	house	8.161447
1505	all	100
1505	storage	9.101137
1505	network	13.73266
1506	all	100
1506	connection	11.79221
1507	all	100
1507	shield	18.00552
1507	router	11.48329
1508	all	100
1508	living room	43.03781
1508	wifi	13.24335
1508	weak	11.07737
1509	all	100
1509	recognition	17.65178
1509	voice	17.89064
1510	all	100
1510	microphone	13.42056
1510	voice	12.74497
1510	also	5.641912
1511	all	100
1511	attached	9.893981
1511	storage	9.101137
1511	network	13.73266
1511	router	11.48329
1512	all	100
1512	network	13.73266
1512	shield	36.59625
1513	all	100
1513	drive	16.54985
1513	usb	16.96475
1514	all	100
1514	usb ports	58.66249
1514	storage	21.74043
1515	all	100
1515	hard drive	55.45792
1516	all	100
1516	drives	15.4034
1516	usb	16.96475
1517	all	100
1517	drives	15.4034
1517	usb	16.61144
1518	all	100
1518	hard drive	55.45792
1518	external	12.01159
1519	all	100
1519	hard drive	55.45792
1519	external	12.01159
1519	usb	16.61144
1519	4k	32.43502
1520	all	100
1520	drives	15.4034
1520	usb	16.96475
1521	all	100
1521	hard drive	55.45792
1521	attached	9.893981
1521	usb	16.96475
1522	all	100
1522	usb ports	45.37434
1522	drives	15.4034
1522	micro	10.00325
1523	all	100
1523	usb ports	45.37434
1523	micro	10.00325
1524	all	100
1524	usb	16.61144
1524	key	9.966041
1525	all	100
1525	hard drive	55.45792
1525	attached	9.893981
1525	usb	16.61144
1526	all	100
1526	external	16.86117
1526	storage	21.74043
1526	usb	16.96475
1527	all	100
1527	cable	13.14034
1527	bye	18.82599
1528	all	100
1528	cutting	14.74947
1528	shield	12.77546
1528	cord	13.82249
1529	all	100
1529	cutting	14.74947
1529	shield	12.77546
1529	cable	13.14034
1530	all	100
1530	cable	13.14034
1531	all	100
1531	controller	16.46534
1531	charge	10.8928
1531	cable	13.14034
1532	all	100
1532	cable	13.14034
1533	all	100
1533	cable	13.14034
1533	save	9.61158
1533	cut	15.90491
1534	all	100
1534	cut the cord	88.86785
1535	all	100
1535	cut the cord	88.86785
1535	boxes	11.21552
1536	all	100
1536	hdmi	20.61242
1536	cord	13.82249
1537	all	100
1537	cable	13.14034
1538	all	100
1538	cord	13.82249
1539	all	100
1539	cable	13.14034
1539	cut	15.90491
1540	all	100
1540	entertainment	12.30263
1541	all	100
1541	entertainment	12.30263
1541	room	14.08755
1542	all	100
1542	living room	43.03781
1543	all	100
1543	family	9.540528
1544	all	100
1544	living room	43.03781
1544	upstairs	12.91043
1544	bedroom	10.94813
1545	all	100
1545	house	8.161447
1545	room	14.08755
1546	all	100
1546	living room	43.03781
1546	upstairs	12.91043
1546	shield	18.00552
1547	all	100
1547	living room	43.03781
1547	basement	12.61703
1547	shield	12.77546
1548	all	100
1548	living room	43.03781
1548	bedroom	10.94813
1549	all	100
1549	basement	12.61703
1550	all	100
1550	family	9.540528
1551	all	100
1551	house	8.161447
1552	all	100
1552	living room	43.03781
1552	wifi	13.24335
1552	weak	11.07737
1553	all	100
1553	quite	7.943142
1554	all	100
1554	powerful	13.24207
1554	quite	7.943142
1554	size	7.398118
1554	much	5.701327
1555	all	100
1555	small	12.69391
1555	sleek	10.86724
1556	all	100
1556	hand	8.715466
1557	all	100
1557	powerful	13.24207
1557	smaller	9.362137
1558	all	100
1558	factor	11.66337
1558	small	12.69391
1558	form	11.23785
1559	all	100
1559	factor	11.66337
1559	space	8.829654
1559	small	12.69391
1559	form	11.23785
1560	all	100
1560	small	12.69391
1561	all	100
1561	footprint	16.23826
1561	small	12.69391
1562	all	100
1562	footprint	16.23826
1562	small	12.69391
1563	all	100
1563	smaller	9.362137
1564	all	100
1564	quality	9.241168
1564	picture	15.4014
1565	all	100
1565	quality	9.241168
1565	picture	15.4014
1566	all	100
1566	quality	9.241168
1566	picture	15.4014
1566	easy	5.23359
1567	all	100
1567	quality	9.241168
1567	picture	15.4014
1568	all	100
1568	quality	9.241168
1568	picture	15.4014
1569	all	100
1570	all	100
1570	quality	9.241168
1570	picture	15.4014
1571	all	100
1571	quality	9.241168
1571	picture	15.4014
1572	all	100
1572	quality	9.241168
1572	picture	15.4014
1572	setup	19.72914
1572	easy	13.16196
1573	all	100
1573	quality	9.241168
1573	picture	15.4014
1573	shield	29.76233
1573	1080p	21.69866
1574	all	100
1574	picture	15.4014
1575	all	100
1575	lag	17.67095
1576	all	100
1576	lag	17.67095
1577	all	100
1577	performance	17.59576
1577	rarely	12.11778
1578	all	100
1578	buffering	15.04131
1578	time	5.308853
1579	all	100
1579	buffering	15.04131
1579	issues	7.522062
1579	lag	17.67095
1580	all	100
1580	reboot	12.35275
1581	all	100
1581	reboot	12.35275
1582	all	100
1582	time	5.308853
1583	all	100
1584	all	100
1584	sleep mode	41.57541
1585	all	100
1585	sleep	21.17641
1585	turn	8.188537
1586	all	100
1586	settings	9.155138
1586	button	10.04709
1586	sleep	21.17641
1587	all	100
1587	device	6.960314
1587	sleep	21.17641
1588	all	100
1588	sleep	21.17641
1589	all	100
1589	screen	9.761408
1589	sleep	21.17641
1589	back	7.633883
1590	all	100
1591	all	100
1592	all	100
1592	sleep	21.17641
1592	turn	8.188537
1592	put	6.874928
1593	all	100
1593	shield tv	49.0689
1594	all	100
1594	home screen	47.36966
1594	game	9.756001
1595	all	100
1595	screen	9.761408
1595	tv	9.809755
1595	pc	8.614049
1596	all	100
1596	shield tv	49.0689
1597	all	100
1597	display	9.251071
1597	back	7.633883
1598	all	100
1598	home screen	47.36966
1598	nvidia	40.76477
1599	all	100
1599	screen	9.761408
1599	sleep	21.17641
1599	back	7.633883
1600	all	100
1600	shield tv	49.0689
1600	nvidia	13.94008
1601	all	100
1601	display	9.251071
1601	shield	18.00552
1602	all	100
1602	product	4.797047
1602	looks	9.004011
1602	good	4.059989
1603	all	100
1603	comfortable	13.44616
1603	looking	7.041601
1604	all	100
1604	look	11.33489
1605	all	100
1605	looks	9.004011
1605	light	6.932328
1605	green	11.04535
1606	all	100
1606	shape	10.95602
1606	good	4.059989
1607	all	100
1607	look	11.33489
1608	all	100
1608	looks	9.004011
1609	all	100
1609	look	11.33489
1610	all	100
1610	kids	15.28897
1611	all	100
1611	games	31.7364
1611	play	7.710384
1612	all	100
1612	games	31.7364
1612	kids	15.28897
1613	all	100
1613	gaming	27.7613
1613	love	5.380913
1613	kids	15.28897
1614	all	100
1614	kids	15.28897
1615	all	100
1615	love	5.380913
1615	kids	15.28897
1616	all	100
1616	controller	28.56096
1616	games	31.7364
1616	play	7.710384
1616	kids	15.28897
1617	all	100
1617	2	5.758728
1618	all	100
1618	batteries	9.7265
1618	new	6.287624
1619	all	100
1619	batteries	9.7265
1619	lasted	9.932794
1619	week	8.494993
1620	all	100
1620	batteries	9.7265
1621	all	100
1621	battery	9.03019
1621	remote	28.54707
1621	week	8.494993
1621	new	6.287624
1622	all	100
1622	minutes	8.402826
1622	battery	9.03019
1622	remote	28.54707
1622	lasted	9.932794
1622	30	8.945242
1623	all	100
1623	minutes	8.402826
1623	battery	9.03019
1623	30	8.945242
1624	all	100
1625	all	100
1625	volume	18.55774
1626	all	100
1626	volume	18.55774
1627	all	100
1627	volume	18.55774
1628	all	100
1628	volume control	45.38538
1629	all	100
1630	all	100
1630	volume	18.55774
1630	slider	23.23887
1630	touch	15.69544
1631	all	100
1631	build quality	51.49747
1631	controller	28.56096
1631	nice	5.701327
1631	also	5.641912
1632	all	100
1632	material	9.898881
1632	good	4.059989
1633	all	100
1633	nice	5.701327
1633	also	5.641912
1634	all	100
1635	all	100
1635	stand	8.215201
1636	all	100
1636	build quality	51.49747
1636	fast	18.65117
1637	all	100
1637	stand	8.215201
1638	all	100
1638	power	11.9617
1639	all	100
1639	power	11.9617
1640	all	100
1640	power button	54.30181
1641	all	100
1641	power	11.9617
1642	all	100
1642	power	11.9617
1643	all	100
1643	power	11.9617
1644	all	100
1644	gamestream	20.42216
1644	network	8.910509
1644	living	10.7441
1644	room	7.745659
1644	tv	18.48458
1644	4k	10.7111
1645	all	100
1645	ultimately	13.53323
1645	wifi	13.24335
1646	all	100
1646	gamestream	20.42216
1647	all	100
1647	ultimately	13.53323
1647	internet	9.061483
1647	wifi	13.24335
1647	weak	11.07737
1648	all	100
1648	living room	43.03781
1648	wifi	13.24335
1648	weak	11.07737
1649	all	100
1649	wifi	13.24335
1650	all	100
1650	bluetooth	11.88306
1650	also	5.641912
1650	use	4.468312
1651	all	100
1651	bluetooth	11.88306
1651	remote	28.54707
1651	works	6.462205
1652	all	100
1652	bluetooth	11.88306
1652	works	6.462205
1652	use	4.468312
1653	all	100
1653	bluetooth	11.88306
1653	works	6.462205
1654	all	100
1654	bluetooth	11.88306
1654	works	6.462205
1655	all	100
1655	controller	16.46534
1655	charge	10.8928
1655	cable	13.14034
1656	all	100
1656	usb	9.689412
1657	all	100
1657	charging	9.746776
1657	shield	12.77546
1658	all	100
1658	charge the controller	74.15592
1658	cable	7.577917
1658	usb	9.689412
1659	all	100
1659	charge the controller	74.15592
1659	usb	9.689412
1660	all	100
1660	keyboard	9.883478
1660	gaming	27.7613
1660	mouse	15.17577
1660	games	31.7364
1660	play	7.710384
1660	pc	8.614049
1661	all	100
1661	mouse	15.17577
1662	all	100
1662	controller	28.56096
1662	keyboard	18.57645
1662	mouse	15.17577
1662	games	31.7364
1662	work	5.154825
1662	pc	8.614049
1663	all	100
1663	play pause	73.7504
1663	buttons	14.30488
1663	volume	18.55774
1663	mouse	15.17577
1663	air	8.866067
1664	all	100
1664	controllers	16.28084
1664	would	4.694401
1664	mouse	15.17577
1665	all	100
1665	headphone	9.279529
1666	all	100
1666	rechargeable	11.48133
1666	listening	9.335047
1666	private	13.85049
1666	jack	10.41026
1667	all	100
1667	rechargeable	11.48133
1667	listening	9.335047
1667	headphone	9.279529
1667	private	13.85049
1667	jack	10.41026
1668	all	100
1669	all	100
1670	all	100
1670	internet	9.061483
1671	all	100
1671	internet	9.061483
1672	all	100
1672	ethernet	17.24154
1673	all	100
1673	clean	12.58293
1673	fast	6.932328
1674	all	100
1674	clean	12.58293
1675	all	100
1676	all	100
1677	all	100
1677	looks	9.004011
1677	light	6.932328
1677	green	11.04535
1678	all	100
1678	features	10.6639
1679	all	100
1680	all	100
1680	features	10.6639
1680	product	4.797047
1681	all	100
1681	firmware update	40.5745
1682	all	100
1682	firmware update	40.5745
1682	first	6.245816
1683	all	100
1683	firmware	15.9359
1684	all	100
1684	firmware	15.9359
1684	update	11.57837
1684	issue	7.710384
1684	first	6.245816
1685	all	100
1685	hands	16.7131
1685	cord	10.71121
1685	best	9.187586
1685	box	11.1232
1686	all	100
1686	cutting	14.74947
1686	shield	12.77546
1686	cord	13.82249
1687	all	100
1687	cut the cord	88.86785
1688	all	100
1688	cut the cord	88.86785
1688	boxes	11.21552
1689	all	100
1689	excellent	6.753937
1689	player	8.996039
1689	media	10.6867
1690	all	100
1690	excellent	6.753937
1690	player	8.996039
1690	media	10.6867
1691	all	100
1691	forget	10.90006
1692	all	100
1693	all	100
1693	advertised	10.41509
1693	works	4.585127
1694	all	100
1694	advertised	10.41509
1694	good	5.032252
1695	all	100
1696	all	100
1696	fun	11.86973
1697	all	100
1697	fun	11.86973
1698	all	100
1698	fun	11.86973
1699	all	100
1699	internal	22.50671
1699	version	8.979276
1699	drive	16.54985
1699	pro	8.472418
1699	500	11.72272
1699	sd	11.76441
1699	gb	15.1634
1700	all	100
1700	used	5.868001
1700	card	7.419416
1700	usb	16.96475
1700	sd	11.76441
1701	all	100
1702	all	100
1702	driver	10.25899
1703	all	100
1703	delivered	14.76702
1703	door	10.223
1703	box	15.80623
1704	all	100
1704	door	10.223
1705	all	100
1705	playing	8.936625
1705	video	7.481748
1706	all	100
1706	playing	8.936625
1707	all	100
1707	hand	8.715466
1708	all	100
1708	would	4.694401
1709	all	100
1710	all	100
1711	all	100
1711	shield	18.00552
1711	second	9.864486
1712	all	100
1712	shield	18.00552
1712	second	9.864486
1713	all	100
1714	all	100
1715	all	100
1715	packaged	13.18796
1716	all	100
1716	water	9.222128
1716	blows	13.51829
1717	all	100
1717	cut the cord	88.86785
1718	all	100
1719	all	100
1719	gift	9.061483
1720	all	100
1721	all	100
1722	all	100
1722	powerful	13.24207
1722	quite	7.943142
1722	size	7.398118
1722	much	5.701327
1723	all	100
